"Country","Score","GDP","SocialSupport","Health","Freedom","Generosity","Corruption","Year","Region","expected_by_gdp","gdp_residual","Individualism","UncertaintyAvoidance","Indulgence"
"Albania",4.719,0.947,0.848,0.874,0.383,0.178,0.027,2019,"Other",5.45095408424057,-0.731954084240574,NA,NA,15
"Albania",4.586,0.916,0.817,0.79,0.419,0.149,0.032,2018,"Other",5.38369080920204,-0.797690809202042,NA,NA,15
"Albania",4.64400005340576,0.996192753314972,0.803685247898102,0.731159746646881,0.381498634815216,0.201312944293022,0.0398642159998417,2017,"Other",5.55769168734146,-0.913691633935704,NA,NA,15
"Albania",4.959,0.87867,0.80434,0.81325,0.35733,0.14272,0.06413,2015,"Other",5.30269280735726,-0.343692807357256,NA,NA,15
"Albania",4.655,0.9553,0.50163,0.73007,0.31866,0.1684,0.05301,2016,"Other",5.46896328368637,-0.813963283686374,NA,NA,15
"Algeria",5.605,0.93929,1.07772,0.61766,0.28579,0.07822,0.17383,2015,"Other",5.43422505680357,0.170774943196429,NA,NA,32
"Algeria",6.355,1.05266,0.83309,0.61804,0.21006,0.07044,0.16157,2016,"Other",5.68021336296868,0.674786637031323,NA,NA,32
"Algeria",5.87200021743774,1.09186446666718,1.1462174654007,0.617584645748138,0.233335807919502,0.0694366469979286,0.146096110343933,2017,"Other",5.76527855084524,0.106721666592499,NA,NA,32
"Algeria",5.211,1.002,1.16,0.785,0.086,0.073,0.114,2019,"Other",5.57029215285732,-0.359292152857322,NA,NA,32
"Algeria",5.295,0.979,1.154,0.687,0.077,0.055,0.135,2018,"Other",5.52038714234486,-0.225387142344864,NA,NA,32
"Argentina",6.086,1.092,1.432,0.881,0.471,0.066,0.05,2019,"LatinAmerica",5.76557262877564,0.320427371224361,46,86,62
"Argentina",6.65,1.15137,1.06612,0.69711,0.42284,0.10989,0.07296,2016,"LatinAmerica",5.89439264938976,0.755607350610245,46,86,62
"Argentina",6.574,1.05351,1.24823,0.78723,0.44974,0.11451,0.08484,2015,"LatinAmerica",5.68205767857457,0.891942321425427,46,86,62
"Argentina",6.388,1.073,1.468,0.744,0.57,0.062,0.054,2018,"LatinAmerica",5.72434675052622,0.663653249473783,46,86,62
"Argentina",6.59899997711182,1.18529546260834,1.44045114517212,0.695137083530426,0.494519203901291,0.109457060694695,0.059739887714386,2017,"LatinAmerica",5.96800354365537,0.630996433456446,46,86,62
"Armenia",4.37599992752075,0.900596737861633,1.00748372077942,0.637524425983429,0.198303267359734,0.0834880918264389,0.0266744215041399,2017,"Other",5.35026907185677,-0.974269144336016,NA,NA,NA
"Armenia",4.36,0.86086,0.62477,0.64083,0.14037,0.07793,0.03616,2016,"Other",5.26404897095609,-0.904048970956087,NA,NA,NA
"Armenia",4.321,0.816,0.99,0.666,0.26,0.077,0.028,2018,"Other",5.16671250262613,-0.845712502626135,NA,NA,NA
"Armenia",4.559,0.85,1.055,0.815,0.283,0.095,0.064,2019,"Other",5.24048512686194,-0.681485126861944,NA,NA,NA
"Armenia",4.35,0.76821,0.77711,0.7299,0.19847,0.07855,0.039,2015,"Other",5.06301856991351,-0.713018569913509,NA,NA,NA
"Australia",7.313,1.44443,1.10476,0.8512,0.56837,0.47407,0.32331,2016,"Other",6.53026927464111,0.78273072535889,90,51,71
"Australia",7.228,1.372,1.548,1.036,0.557,0.332,0.29,2019,"Other",6.37311188718818,0.85488811281182,90,51,71
"Australia",7.284,1.33358,1.30923,0.93156,0.65124,0.43562,0.35637,2015,"Other",6.28974882180172,0.994251178198284,90,51,71
"Australia",7.28399991989136,1.484414935112,1.51004195213318,0.84388679265976,0.601607382297516,0.477699249982834,0.301183730363846,2017,"Other",6.6170279097326,0.666972010158758,90,51,71
"Australia",7.272,1.34,1.573,0.91,0.647,0.361,0.302,2018,"Other",6.30367882908389,0.968321170916111,90,51,71
"Austria",7.00600004196167,1.48709726333618,1.4599449634552,0.815328419208527,0.567766189575195,0.316472321748734,0.221060365438461,2017,"WesternEurope",6.62284798009024,0.383152061871434,55,70,63
"Austria",7.246,1.376,1.475,1.016,0.532,0.244,0.226,2019,"WesternEurope",6.38179101945122,0.864208980548785,55,70,63
"Austria",7.2,1.33723,1.29704,0.89042,0.62433,0.33088,0.18676,2015,"WesternEurope",6.29766852999174,0.902331470008264,55,70,63
"Austria",7.139,1.341,1.504,0.891,0.617,0.242,0.224,2018,"WesternEurope",6.30584861214965,0.833151387850352,55,70,63
"Austria",7.119,1.45038,1.08383,0.80565,0.54355,0.32865,0.21348,2016,"WesternEurope",6.54317948388238,0.575820516117624,55,70,63
"Azerbaijan",5.291,1.12373,0.76042,0.54504,0.35327,0.0564,0.17914,2016,"Other",5.83441984545217,-0.543419845452174,NA,NA,22
"Azerbaijan",5.208,1.043,1.147,0.769,0.351,0.035,0.182,2019,"Other",5.65925325855344,-0.451253258553445,NA,NA,22
"Azerbaijan",5.23400020599365,1.15360176563263,1.15240025520325,0.540775775909424,0.398155838251114,0.0452693402767181,0.180987507104874,2017,"Other",5.89923509666618,-0.665234890672529,NA,NA,22
"Azerbaijan",5.212,1.02389,0.93793,0.64045,0.3703,0.07799,0.16065,2015,"Other",5.61778870416679,-0.405788704166789,NA,NA,22
"Azerbaijan",5.201,1.024,1.161,0.603,0.43,0.031,0.176,2018,"Other",5.61802738030402,-0.417027380304023,NA,NA,22
"Bangladesh",4.5,0.532,0.85,0.579,0.58,0.153,0.144,2018,"Other",4.55049411195056,-0.0504941119505586,20,60,20
"Bangladesh",4.60799980163574,0.586682975292206,0.735131740570068,0.533241033554077,0.478356659412384,0.172255352139473,0.123717859387398,2017,"Other",4.66914430572491,-0.0611445040891692,20,60,20
"Bangladesh",4.643,0.54177,0.24749,0.52989,0.39778,0.19132,0.12583,2016,"Other",4.57169289250302,0.0713071074969749,20,60,20
"Bangladesh",4.456,0.562,0.928,0.723,0.527,0.166,0.143,2019,"Other",4.61558760392333,-0.159587603923331,20,60,20
"Bangladesh",4.694,0.39753,0.43106,0.60164,0.4082,0.21222,0.12569,2015,"Other",4.25872338309794,0.435276616902064,20,60,20
"Belarus",5.483,1.039,1.498,0.7,0.307,0.101,0.154,2018,"Other",5.65057412629041,-0.167574126290408,NA,NA,15
"Belarus",5.323,1.067,1.465,0.789,0.235,0.094,0.142,2019,"Other",5.71132805213166,-0.388328052131662,NA,NA,15
"Belarus",5.56899976730347,1.15655755996704,1.44494521617889,0.637714266777039,0.295400261878967,0.15513750910759,0.156313821673393,2017,"Other",5.90564852915885,-0.336648761855378,NA,NA,15
"Belarus",5.802,1.13062,1.04993,0.63104,0.29091,0.13942,0.17457,2016,"Other",5.84936965077525,-0.0473696507752548,NA,NA,15
"Belarus",5.813,1.03192,1.23289,0.73608,0.37938,0.11046,0.1909,2015,"Other",5.63521206218483,0.177787937815165,NA,NA,15
"Belgium",6.89099979400635,1.46378076076508,1.46231269836426,0.818091869354248,0.539770722389221,0.231503337621689,0.251343131065369,2017,"WesternEurope",6.57225622765873,0.318743566347615,75,94,57
"Belgium",6.937,1.30782,1.28566,0.89667,0.5845,0.2225,0.2254,2015,"WesternEurope",6.23385521002776,0.703144789972238,75,94,57
"Belgium",6.929,1.42539,1.05249,0.81959,0.51354,0.2424,0.26248,2016,"WesternEurope",6.48895660506906,0.440043394930944,75,94,57
"Belgium",6.927,1.324,1.483,0.894,0.583,0.188,0.24,2018,"WesternEurope",6.26896230003174,0.658037699968255,75,94,57
"Belgium",6.923,1.356,1.504,0.986,0.473,0.16,0.21,2019,"WesternEurope",6.33839535813603,0.584604641863965,75,94,57
"Brazil",6.419,0.986,1.474,0.675,0.493,0.11,0.088,2018,"LatinAmerica",5.53557562380518,0.883424376194822,38,76,59
"Brazil",6.3,1.004,1.439,0.802,0.39,0.099,0.086,2019,"LatinAmerica",5.57463171898884,0.725368281011159,38,76,59
"Brazil",6.63500022888184,1.10735321044922,1.43130600452423,0.616552352905273,0.437453746795654,0.16234989464283,0.111092761158943,2017,"LatinAmerica",5.79888576481339,0.836114464068448,38,76,59
"Brazil",6.952,1.08754,1.03938,0.61415,0.40425,0.15776,0.14166,2016,"LatinAmerica",5.75589539630235,1.19610460369765,38,76,59
"Brazil",6.983,0.98124,1.23287,0.69702,0.49049,0.14574,0.17521,2015,"LatinAmerica",5.52524745641216,1.45775254358784,38,76,59
"Bulgaria",4.217,1.11306,0.92542,0.67806,0.21219,0.12793,0.00615,2016,"Other",5.81126826014053,-1.59426826014053,30,85,16
"Bulgaria",5.011,1.092,1.513,0.815,0.311,0.081,0.004,2019,"Other",5.76557262877564,-0.754572628775639,30,85,16
"Bulgaria",4.71400022506714,1.1614590883255,1.43437945842743,0.708217680454254,0.289231717586517,0.113177694380283,0.0110515309497714,2017,"Other",5.91628378238737,-1.20228355732023,30,85,16
"Bulgaria",4.218,1.01216,1.10614,0.76649,0.30587,0.11921,0.00872,2015,"Other",5.59233714880544,-1.37433714880544,30,85,16
"Bulgaria",4.933,1.054,1.515,0.712,0.359,0.064,0.009,2018,"Other",5.6831208722768,-0.750120872276795,30,85,16
"Burkina Faso",3.587,0.25812,0.85188,0.27125,0.39493,0.21747,0.12832,2015,"Other",3.95623392590046,-0.369233925900464,NA,NA,18
"Burkina Faso",3.739,0.31995,0.63054,0.21297,0.3337,0.24353,0.12533,2016,"Other",4.09039161285635,-0.351391612856347,NA,NA,18
"Burkina Faso",4.424,0.314,1.097,0.254,0.312,0.175,0.128,2018,"Other",4.07748140361508,0.346518596384919,NA,NA,18
"Burkina Faso",4.03200006484985,0.3502277135849,1.04328000545502,0.215844258666039,0.324367851018906,0.250864684581757,0.120328105986118,2017,"Other",4.15608768306277,-0.124087618212917,NA,NA,18
"Burkina Faso",4.587,0.331,1.056,0.38,0.255,0.177,0.113,2019,"Other",4.11436771573299,0.472632284267014,NA,NA,18
"Canada",7.31599998474121,1.47920441627502,1.48134899139404,0.83455765247345,0.611100912094116,0.435539722442627,0.287371516227722,2017,"NorthAmerica",6.6057222141963,0.710277770544906,80,48,68
"Canada",7.278,1.365,1.505,1.039,0.584,0.285,0.308,2019,"NorthAmerica",6.35792340572787,0.920076594272134,80,48,68
"Canada",7.404,1.44015,1.0961,0.8276,0.5737,0.44834,0.31329,2016,"NorthAmerica",6.52098260311966,0.88301739688034,80,48,68
"Canada",7.427,1.32629,1.32261,0.90563,0.63297,0.45811,0.32957,2015,"NorthAmerica",6.27393110325233,1.15306889674767,80,48,68
"Canada",7.328,1.33,1.532,0.896,0.653,0.321,0.291,2018,"NorthAmerica",6.2819809984263,1.0460190015737,80,48,68
"Chile",6.705,1.2167,0.90587,0.81883,0.37789,0.31595,0.11451,2016,"LatinAmerica",6.0361445770758,0.668855422924205,23,86,68
"Chile",6.444,1.159,1.369,0.92,0.357,0.187,0.056,2019,"LatinAmerica",5.9109480941815,0.533051905818502,23,86,68
"Chile",6.476,1.131,1.331,0.808,0.431,0.197,0.061,2018,"LatinAmerica",5.85019416834024,0.625805831659757,23,86,68
"Chile",6.67,1.10715,1.12447,0.85857,0.44132,0.33363,0.12869,2015,"LatinAmerica",5.79844484222189,0.87155515777811,23,86,68
"Chile",6.65199995040894,1.25278460979462,1.28402495384216,0.819479703903198,0.376895278692245,0.326662421226501,0.0822879821062088,2017,"LatinAmerica",6.11444035234269,0.537559598066254,23,86,68
"China",5.27299976348877,1.08116579055786,1.16083741188049,0.741415500640869,0.472787708044052,0.0288068410009146,0.0227942746132612,2017,"EastAsia",5.7420647445972,-0.469064981108426,20,30,24
"China",5.246,0.989,1.142,0.799,0.597,0.029,0.103,2018,"EastAsia",5.54208497300245,-0.296084973002454,20,30,24
"China",5.191,1.029,1.125,0.893,0.521,0.058,0.1,2019,"EastAsia",5.62887629563282,-0.437876295632818,20,30,24
"China",5.245,1.0278,0.79381,0.73561,0.44012,0.04959,0.02745,2016,"EastAsia",5.62627255595391,-0.381272555953907,20,30,24
"China",5.14,0.89012,0.94675,0.81658,0.51697,0.08185,0.02781,2015,"EastAsia",5.3275368234602,-0.187536823460198,20,30,24
"Colombia",6.35699987411499,1.07062232494354,1.4021829366684,0.595027923583984,0.477487415075302,0.149014472961426,0.0466687418520451,2017,"LatinAmerica",5.71918771145283,0.637812162662158,13,80,83
"Colombia",6.125,0.985,1.41,0.841,0.47,0.099,0.034,2019,"LatinAmerica",5.53340584073942,0.591594159260581,13,80,83
"Colombia",6.481,1.03032,1.02169,0.59659,0.44735,0.15626,0.05399,2016,"LatinAmerica",5.63174040927962,0.84925959072038,13,80,83
"Colombia",6.26,0.96,1.439,0.635,0.531,0.099,0.039,2018,"LatinAmerica",5.47916126409544,0.780838735904558,13,80,83
"Colombia",6.477,0.91861,1.24018,0.69077,0.53466,0.18401,0.0512,2015,"LatinAmerica",5.38935394300367,1.08764605699633,13,80,83
"Costa Rica",7.226,0.95578,1.23788,0.86027,0.63376,0.25497,0.10583,2015,"LatinAmerica",5.47000477955794,1.75599522044206,15,86,NA
"Costa Rica",7.167,1.034,1.441,0.963,0.558,0.144,0.093,2019,"LatinAmerica",5.63972521096161,1.52727478903839,15,86,NA
"Costa Rica",7.0789999961853,1.10970628261566,1.41640365123749,0.759509265422821,0.580131649971008,0.214613229036331,0.100106589496136,2017,"LatinAmerica",5.80399142095264,1.27500857523266,15,86,NA
"Costa Rica",7.072,1.01,1.459,0.817,0.632,0.143,0.101,2018,"LatinAmerica",5.5876504173834,1.4843495826166,15,86,NA
"Costa Rica",7.087,1.06879,1.02152,0.76146,0.55225,0.22553,0.10547,2016,"LatinAmerica",5.71521196381937,1.37178803618063,15,86,NA
"Croatia",5.759,1.08254,0.79624,0.78805,0.25883,0.05444,0.0243,2015,"Other",5.74504648097356,0.0139535190264422,33,80,33
"Croatia",5.321,1.115,1.161,0.737,0.38,0.12,0.039,2018,"Other",5.8154776392881,-0.494477639288098,33,80,33
"Croatia",5.29300022125244,1.22255623340607,0.96798300743103,0.701288521289825,0.255772292613983,0.248002976179123,0.0431031100451946,2017,"Other",6.04885133314942,-0.75585111189698,33,80,33
"Croatia",5.488,1.18649,0.60809,0.70524,0.23907,0.18434,0.04002,2016,"Other",5.97059543065921,-0.482595430659214,33,80,33
"Croatia",5.432,1.155,1.266,0.914,0.296,0.119,0.022,2019,"Other",5.90226896191846,-0.47026896191846,33,80,33
"Cyprus",5.546,1.31857,0.70697,0.8488,0.29507,0.27906,0.05228,2016,"Other",6.25718037798467,-0.711180377984672,NA,NA,70
"Cyprus",5.762,1.229,1.191,0.909,0.423,0.202,0.035,2018,"Other",6.06283290878463,-0.300832908784633,NA,NA,70
"Cyprus",5.62099981307983,1.35593807697296,1.13136327266693,0.84471470117569,0.355111539363861,0.271254301071167,0.0412379764020443,2017,"Other",6.33826099860058,-0.717261185520752,NA,NA,70
"Cyprus",6.046,1.263,1.223,1.042,0.406,0.19,0.041,2019,"Other",6.13660553302044,-0.0906055330204403,NA,NA,70
"Cyprus",5.689,1.20813,0.89318,0.92356,0.40672,0.30638,0.06146,2015,"Other",6.01754953620224,-0.32854953620224,NA,NA,70
"Denmark",7.527,1.32548,1.36058,0.87464,0.64938,0.34139,0.48357,2015,"Nordic",6.27217357896907,1.25482642103093,74,23,70
"Denmark",7.6,1.383,1.573,0.996,0.592,0.252,0.41,2019,"Nordic",6.39697950091153,1.20302049908847,74,23,70
"Denmark",7.52199983596802,1.48238301277161,1.55112159252167,0.792565524578094,0.626006722450256,0.355280488729477,0.40077006816864,2017,"Nordic",6.61261907904749,0.909380756920534,74,23,70
"Denmark",7.555,1.351,1.59,0.868,0.683,0.284,0.408,2018,"Nordic",6.32754644280724,1.22745355719276,74,23,70
"Denmark",7.526,1.44178,1.16374,0.79504,0.57941,0.36171,0.44453,2016,"Nordic",6.52451934951685,1.00148065048315,74,23,70
"Ecuador",5.973,0.889,1.33,0.736,0.556,0.114,0.12,2018,"LatinAmerica",5.32510666642655,0.647893333573452,8,67,NA
"Ecuador",6.00799989700317,1.00082039833069,1.28616881370544,0.685636222362518,0.4551981985569,0.150112465023994,0.140134647488594,2017,"LatinAmerica",5.56773267313091,0.440267223872257,8,67,NA
"Ecuador",5.976,0.97306,0.85974,0.68613,0.4027,0.10074,0.18037,2016,"LatinAmerica",5.50749863093426,0.468501369065745,8,67,NA
"Ecuador",6.028,0.912,1.312,0.868,0.498,0.126,0.087,2019,"LatinAmerica",5.37501167693901,0.652988323060994,8,67,NA
"Ecuador",5.975,0.86402,0.99903,0.79075,0.48574,0.11541,0.1809,2015,"LatinAmerica",5.27090548544389,0.704094514556114,8,67,NA
"Egypt",4.362,0.95395,0.49813,0.52116,0.18847,0.12706,0.10393,2016,"Other",5.4660340765476,-1.1040340765476,NA,NA,4
"Egypt",4.166,0.913,1.039,0.644,0.241,0.076,0.067,2019,"Other",5.37718146000477,-1.21118146000476,NA,NA,4
"Egypt",4.194,0.8818,0.747,0.61712,0.17288,0.11291,0.06324,2015,"Other",5.30948422835308,-1.11548422835308,NA,NA,4
"Egypt",4.419,0.885,1.025,0.553,0.312,0.092,0.107,2018,"Other",5.31642753416351,-0.897427534163512,NA,NA,4
"Egypt",4.7350001335144,0.989701807498932,0.997471392154694,0.520187258720398,0.282110154628754,0.128631442785263,0.114381365478039,2017,"Other",5.54360774302906,-0.80860760951466,NA,NA,4
"El Salvador",6.253,0.794,1.242,0.789,0.43,0.093,0.074,2019,"LatinAmerica",5.11897727517944,1.13402272482056,19,94,89
"El Salvador",6.167,0.806,1.231,0.639,0.461,0.065,0.082,2018,"LatinAmerica",5.14501467196854,1.02198532803146,19,94,89
"El Salvador",6.068,0.8737,0.80975,0.596,0.37269,0.08877,0.10613,2016,"LatinAmerica",5.29190898552043,0.776091014479566,19,94,89
"El Salvador",6.00299978256226,0.909784495830536,1.18212509155273,0.596018552780151,0.432452529668808,0.0782579854130745,0.0899809598922729,2017,"LatinAmerica",5.37020451350998,0.632795269052275,19,94,89
"El Salvador",6.13,0.76454,1.02507,0.67737,0.4035,0.10692,0.11776,2015,"LatinAmerica",5.05505546606217,1.07494453393783,19,94,89
"Estonia",5.893,1.237,1.528,0.874,0.495,0.103,0.161,2019,"Other",6.0801911733107,-0.187191173310705,60,60,16
"Estonia",5.61100006103516,1.32087934017181,1.47667109966278,0.695168316364288,0.479131430387497,0.0988908112049103,0.183248922228813,2017,"Other",6.26219114518254,-0.651191084147383,60,60,16
"Estonia",5.429,1.15174,1.22791,0.77361,0.44888,0.0868,0.15184,2015,"Other",5.89519546912409,-0.466195469124086,60,60,16
"Estonia",5.517,1.27964,1.05163,0.68098,0.41511,0.08423,0.18519,2016,"Other",6.17271072323467,-0.655710723234671,60,60,16
"Estonia",5.739,1.2,1.532,0.737,0.553,0.086,0.174,2018,"Other",5.99990919987762,-0.260909199877619,60,60,16
"Ethiopia",4.46000003814697,0.339233845472336,0.86466920375824,0.353409707546234,0.408842742443085,0.312650740146637,0.165455713868141,2017,"SubSaharanAfrica",4.13223337420494,0.327766663942033,NA,NA,46
"Ethiopia",4.512,0.19073,0.60406,0.44055,0.4345,0.24325,0.15048,2015,"SubSaharanAfrica",3.81001224509896,0.701987754901039,NA,NA,46
"Ethiopia",4.286,0.336,1.033,0.532,0.344,0.209,0.1,2019,"SubSaharanAfrica",4.12521663106178,0.160783368938219,NA,NA,46
"Ethiopia",4.35,0.308,0.95,0.391,0.452,0.22,0.146,2018,"SubSaharanAfrica",4.06446270522053,0.285537294779473,NA,NA,46
"Ethiopia",4.508,0.29283,0.37932,0.34578,0.36703,0.29522,0.1717,2016,"SubSaharanAfrica",4.03154709611296,0.476452903887038,NA,NA,46
"Finland",7.769,1.34,1.587,0.986,0.596,0.153,0.393,2019,"Nordic",6.30367882908389,1.46532117091611,63,59,57
"Finland",7.406,1.29025,1.31826,0.88911,0.64169,0.23351,0.41372,2015,"Nordic",6.19573212156237,1.21026787843762,63,59,57
"Finland",7.4689998626709,1.44357192516327,1.5402467250824,0.80915766954422,0.617950856685638,0.24548277258873,0.38261154294014,2017,"Nordic",6.52840743839122,0.940592424279682,63,59,57
"Finland",7.632,1.305,1.592,0.874,0.681,0.202,0.393,2018,"Nordic",6.22773642178232,1.40426357821768,63,59,57
"Finland",7.413,1.40598,1.13464,0.81091,0.57104,0.25492,0.41004,2016,"Nordic",6.44684111576267,0.966158884237328,63,59,57
"France",6.44199991226196,1.43092346191406,1.38777685165405,0.844465851783752,0.470222115516663,0.129762306809425,0.172502428293228,2017,"WesternEurope",6.50096301702521,-0.0589631047632464,71,86,48
"France",6.575,1.27778,1.26038,0.94579,0.55011,0.12332,0.20646,2015,"WesternEurope",6.16867492673236,0.406325073267641,71,86,48
"France",6.592,1.324,1.472,1.045,0.436,0.111,0.183,2019,"WesternEurope",6.26896230003174,0.323037699968255,71,86,48
"France",6.489,1.293,1.466,0.908,0.52,0.098,0.176,2018,"WesternEurope",6.20169902499321,0.287300975006787,71,86,48
"France",6.478,1.39488,1.00508,0.83795,0.46562,0.1216,0.17808,2016,"WesternEurope",6.42275652373275,0.0552434762672531,71,86,48
"Georgia",4.297,0.7419,0.38562,0.72926,0.40577,0.05547,0.38331,2015,"Other",5.00593157745339,-0.708931577453388,NA,NA,32
"Georgia",4.34,0.853,0.592,0.643,0.375,0.038,0.215,2018,"Other",5.24699447605922,-0.906994476059221,NA,NA,32
"Georgia",4.252,0.83792,0.19249,0.64035,0.32461,0.06786,0.3188,2016,"Other",5.21427414742757,-0.962274147427574,NA,NA,32
"Georgia",4.28599977493286,0.950612664222717,0.57061493396759,0.649546980857849,0.309410035610199,0.0540088154375553,0.251666635274887,2017,"Other",5.4587927818933,-1.17279300696044,NA,NA,32
"Georgia",4.519,0.886,0.666,0.752,0.346,0.043,0.164,2019,"Other",5.31859731722927,-0.79959731722927,NA,NA,32
"Germany",6.75,1.32792,1.29937,0.89186,0.61477,0.28214,0.21843,2015,"WesternEurope",6.27746784964952,0.472532150350481,67,65,40
"Germany",6.965,1.34,1.474,0.861,0.586,0.273,0.28,2018,"WesternEurope",6.30367882908389,0.661321170916111,67,65,40
"Germany",6.985,1.373,1.454,0.987,0.495,0.261,0.265,2019,"WesternEurope",6.37528167025394,0.609718329746062,67,65,40
"Germany",6.994,1.44787,1.09774,0.81487,0.53466,0.30452,0.28551,2016,"WesternEurope",6.53773332838732,0.45626667161268,67,65,40
"Germany",6.95100021362305,1.48792338371277,1.47252035140991,0.798950731754303,0.562511384487152,0.336269170045853,0.276731938123703,2017,"WesternEurope",6.62464048209364,0.326359731529411,67,65,40
"Ghana",4.996,0.611,0.868,0.486,0.381,0.245,0.04,2019,"SubSaharanAfrica",4.72190697414553,0.274093025854475,NA,NA,72
"Ghana",4.657,0.592,0.896,0.337,0.499,0.212,0.029,2018,"SubSaharanAfrica",4.6806810958961,-0.0236810958961033,NA,NA,72
"Ghana",4.276,0.63107,0.49353,0.29681,0.40973,0.21203,0.0326,2016,"SubSaharanAfrica",4.76545452027531,-0.48945452027531,NA,NA,72
"Ghana",4.11999988555908,0.667224824428558,0.873664736747742,0.295637726783752,0.423026293516159,0.256923943758011,0.0253363698720932,2017,"SubSaharanAfrica",4.84390264606589,-0.723902760506808,NA,NA,72
"Ghana",4.633,0.54558,0.67954,0.40132,0.42342,0.23087,0.04355,2015,"SubSaharanAfrica",4.57995976598357,0.0530402340164331,NA,NA,72
"Greece",4.857,1.15406,0.92933,0.88213,0.07699,0,0.01397,2015,"Other",5.90022936583665,-1.04322936583665,35,112,50
"Greece",5.22700023651123,1.28948748111725,1.23941457271576,0.810198903083801,0.0957312509417534,0,0.04328977689147,2017,"Other",6.19407762100326,-0.967077384492034,35,112,50
"Greece",5.358,1.154,1.202,0.879,0.131,0,0.044,2018,"Other",5.9000991788527,-0.542099178852702,35,112,50
"Greece",5.287,1.181,1.156,0.999,0.067,0,0.034,2019,"Other",5.9586833216282,-0.671683321628197,35,112,50
"Greece",5.033,1.24886,0.75473,0.80029,0.05822,0,0.04127,2016,"Other",6.10592480047061,-1.07292480047061,35,112,50
"Guatemala",6.382,0.781,1.268,0.608,0.604,0.179,0.071,2018,"LatinAmerica",5.09077009532457,1.29122990467543,6,101,NA
"Guatemala",6.324,0.83454,0.87119,0.54039,0.50379,0.28808,0.08701,2016,"LatinAmerica",5.20694028066531,1.11705971933469,6,101,NA
"Guatemala",6.4539999961853,0.872001945972443,1.25558519363403,0.540239989757538,0.531310617923737,0.283488392829895,0.0772232785820961,2017,"LatinAmerica",5.2882245766467,1.1657754195386,6,101,NA
"Guatemala",6.436,0.8,1.269,0.746,0.535,0.175,0.078,2019,"LatinAmerica",5.13199597357399,1.30400402642601,6,101,NA
"Guatemala",6.123,0.74553,1.04356,0.64425,0.57733,0.27489,0.09472,2015,"LatinAmerica",5.01380788998209,1.10919211001791,6,101,NA
"Hong Kong",5.474,1.38604,1.05818,1.01328,0.59608,0.39478,0.37124,2015,"EastAsia",6.40357564143144,-0.929575641431437,25,29,17
"Hong Kong",5.458,1.5107,0.87021,0.95277,0.48079,0.40097,0.31647,2016,"EastAsia",6.67406079840896,-1.21606079840896,25,29,17
"Hong Kong",5.43,1.405,1.29,1.03,0.524,0.246,0.291,2018,"EastAsia",6.44471472835823,-1.01471472835823,25,29,17
"Hong Kong",5.43,1.438,1.277,1.122,0.44,0.258,0.287,2019,"EastAsia",6.51631756952828,-1.08631756952828,25,29,17
"Hungary",5.145,1.24142,0.93164,0.67608,0.1977,0.099,0.04472,2016,"Other",6.08978161446136,-0.94478161446136,80,82,31
"Hungary",5.62,1.171,1.401,0.732,0.259,0.061,0.022,2018,"Other",5.93698549097061,-0.316985490970606,80,82,31
"Hungary",5.32399988174438,1.2860119342804,1.34313309192657,0.687763452529907,0.175863519310951,0.0784016624093056,0.0366369374096394,2017,"Other",6.18653643833241,-0.862536556588033,80,82,31
"Hungary",4.8,1.12094,1.20215,0.75905,0.32112,0.128,0.02758,2015,"Other",5.82836615069871,-1.02836615069871,80,82,31
"Hungary",5.758,1.201,1.41,0.828,0.199,0.081,0.02,2019,"Other",6.00207898294338,-0.244078982943378,80,82,31
"Iceland",7.494,1.38,1.624,1.026,0.591,0.354,0.118,2019,"Nordic",6.39047015171425,1.10352984828575,NA,NA,67
"Iceland",7.561,1.30232,1.40223,0.94784,0.62877,0.4363,0.14145,2015,"Nordic",6.22192140316609,1.33907859683391,NA,NA,67
"Iceland",7.50400018692017,1.480633020401,1.6105740070343,0.833552122116089,0.627162635326385,0.475540220737457,0.153526559472084,2017,"Nordic",6.60882197523653,0.89517821168364,NA,NA,67
"Iceland",7.501,1.42666,1.18326,0.86733,0.56624,0.47678,0.14975,2016,"Nordic",6.49171222956257,1.00928777043743,NA,NA,67
"Iceland",7.495,1.343,1.644,0.914,0.677,0.353,0.138,2018,"Nordic",6.31018817828117,1.18481182171883,NA,NA,67
"India",4.565,0.64499,0.38174,0.51529,0.39786,0.26475,0.08492,2015,"Other",4.79565790055068,-0.230657900550676,48,40,26
"India",4.31500005722046,0.792221248149872,0.754372596740723,0.455427616834641,0.469987004995346,0.231538489460945,0.0922268852591515,2017,"Other",5.11511776953684,-0.80011771231638,48,40,26
"India",4.015,0.755,0.765,0.588,0.498,0.2,0.085,2019,"Other",5.03435573561483,-1.01935573561483,48,40,26
"India",4.19,0.721,0.747,0.485,0.539,0.172,0.093,2018,"Other",4.96058311137902,-0.770583111379023,48,40,26
"India",4.404,0.74036,0.29247,0.45091,0.40285,0.25028,0.08722,2016,"Other",5.00259011153212,-0.598590111532119,48,40,26
"Indonesia",5.314,0.95104,0.87625,0.49374,0.39237,0.56521,0.00322,2016,"Other",5.45972000782624,-0.14572000782624,14,48,38
"Indonesia",5.26200008392334,0.995538592338562,1.27444469928741,0.492345720529556,0.443323463201523,0.611704587936401,0.0153171354904771,2017,"Other",5.55627229993257,-0.294272216009229,14,48,38
"Indonesia",5.192,0.931,1.203,0.66,0.491,0.498,0.028,2019,"Other",5.41623755518843,-0.224237555188428,14,48,38
"Indonesia",5.399,0.82827,1.08708,0.63793,0.46611,0.51535,0,2015,"Other",5.193335740843,0.205664259157001,14,48,38
"Indonesia",5.093,0.899,1.215,0.522,0.538,0.484,0.018,2018,"Other",5.34680449708414,-0.253804497084138,14,48,38
"Iran",4.707,1.059,0.771,0.691,0.459,0.282,0.129,2018,"MiddleEast",5.69396978760559,-0.98696978760559,41,59,40
"Iran",4.686,1.0088,0.54447,0.69805,0.30033,0.38086,0.05863,2015,"MiddleEast",5.58504667770448,-0.899046677704485,41,59,40
"Iran",4.548,1.1,0.842,0.785,0.305,0.27,0.125,2019,"MiddleEast",5.78293089330171,-1.23493089330171,41,59,40
"Iran",4.813,1.11758,0.38857,0.64232,0.22544,0.38538,0.0557,2016,"MiddleEast",5.82107567959776,-1.00807567959776,41,59,40
"Iran",4.69199991226196,1.15687310695648,0.711551249027252,0.639333188533783,0.249322608113289,0.387242913246155,0.048761073499918,2017,"MiddleEast",5.90633319767299,-1.21433328541103,41,59,40
"Iraq",4.575,1.07474,0.59205,0.51076,0.24856,0.19589,0.13636,2016,"MiddleEast",5.72812217306064,-1.15312217306064,NA,NA,17
"Iraq",4.677,0.98549,0.81889,0.60237,0,0.17922,0.13788,2015,"MiddleEast",5.53446903444164,-0.857469034441641,NA,NA,17
"Iraq",4.437,1.043,0.98,0.574,0.241,0.148,0.089,2019,"MiddleEast",5.65925325855344,-1.22225325855344,NA,NA,17
"Iraq",4.456,1.01,0.971,0.536,0.304,0.148,0.095,2018,"MiddleEast",5.5876504173834,-1.1316504173834,NA,NA,17
"Iraq",4.49700021743774,1.10271048545837,0.978613197803497,0.501180469989777,0.288555532693863,0.19963726401329,0.107215754687786,2017,"MiddleEast",5.78881205874927,-1.29181184131153,NA,NA,17
"Ireland",6.94,1.33596,1.36948,0.89533,0.61777,0.45901,0.28703,2015,"WesternEurope",6.29491290549822,0.645087094501778,70,35,65
"Ireland",7.021,1.499,1.553,0.999,0.516,0.298,0.31,2019,"WesternEurope",6.64867433653958,0.372325663460418,70,35,65
"Ireland",6.907,1.48341,1.16157,0.81455,0.54008,0.44963,0.29754,2016,"WesternEurope",6.6148474185444,0.292152581455603,70,35,65
"Ireland",6.97700023651123,1.53570663928986,1.55823111534119,0.80978262424469,0.573110342025757,0.42785832285881,0.29838815331459,2017,"WesternEurope",6.72831978087165,0.248680455639583,70,35,65
"Ireland",6.977,1.448,1.583,0.876,0.614,0.307,0.306,2018,"WesternEurope",6.53801540018587,0.438984599814131,70,35,65
"Israel",7.139,1.276,1.455,1.029,0.371,0.261,0.082,2019,"MiddleEast",6.16481271287531,0.974187287124692,54,81,NA
"Israel",7.21299982070923,1.37538242340088,1.37628996372223,0.83840399980545,0.405988603830338,0.330082654953003,0.0852421000599861,2017,"MiddleEast",6.38045101220464,0.832548808504594,54,81,NA
"Israel",6.814,1.301,1.559,0.883,0.533,0.354,0.272,2018,"MiddleEast",6.21905728951929,0.594942710480715,54,81,NA
"Israel",7.278,1.22857,1.22393,0.91387,0.41319,0.33172,0.07785,2015,"MiddleEast",6.06189990206636,1.21610009793364,54,81,NA
"Israel",7.267,1.33766,0.99537,0.84917,0.36432,0.32288,0.08728,2016,"MiddleEast",6.29860153671001,0.968398463289987,54,81,NA
"Italy",6.223,1.294,1.488,1.039,0.231,0.158,0.03,2019,"WesternEurope",6.20386880805897,0.0191311919410282,76,75,30
"Italy",6,1.264,1.501,0.946,0.281,0.137,0.028,2018,"WesternEurope",6.1387753160862,-0.1387753160862,76,75,30
"Italy",5.96400022506714,1.39506661891937,1.44492328166962,0.853144347667694,0.256450712680817,0.17278964817524,0.0280280914157629,2017,"WesternEurope",6.42316144630375,-0.459161221236607,76,75,30
"Italy",5.977,1.35495,1.04167,0.85102,0.18827,0.16684,0.02556,2016,"WesternEurope",6.33611708591699,-0.359117085916987,76,75,30
"Italy",5.948,1.25114,1.19777,0.95446,0.26236,0.22823,0.02901,2015,"WesternEurope",6.11087190586054,-0.162871905860538,76,75,30
"Jamaica",5.89,0.831,1.478,0.831,0.49,0.107,0.028,2019,"Other",5.19925924861252,0.690740751387478,39,13,NA
"Jamaica",5.51,0.89333,0.96372,0.59469,0.43597,0.22245,0.04294,2016,"Other",5.33450182710128,0.175498172898715,39,13,NA
"Jamaica",5.709,0.81038,1.15102,0.68741,0.50442,0.2123,0.02299,2015,"Other",5.15451832179657,0.55448167820343,39,13,NA
"Jamaica",5.31099987030029,0.925579309463501,1.36821806430817,0.641022384166718,0.474307239055634,0.233818337321281,0.0552677810192108,2017,"Other",5.40447583265761,-0.0934759623573225,39,13,NA
"Jamaica",5.89,0.819,1.493,0.693,0.575,0.096,0.031,2018,"Other",5.17322185182341,0.716778148176587,39,13,NA
"Japan",5.987,1.27074,1.25712,0.99111,0.49615,0.10705,0.1806,2015,"EastAsia",6.15339965394942,-0.166399653949416,46,92,42
"Japan",5.92000007629395,1.41691517829895,1.43633782863617,0.913475871086121,0.505625545978546,0.12057276815176,0.163760736584663,2017,"EastAsia",6.47056808045679,-0.550568004162841,46,92,42
"Japan",5.915,1.294,1.462,0.988,0.553,0.079,0.15,2018,"EastAsia",6.20386880805897,-0.288868808058972,46,92,42
"Japan",5.921,1.38007,1.06054,0.91491,0.46761,0.10224,0.18985,2016,"EastAsia",6.39062203652886,-0.469622036528855,46,92,42
"Japan",5.886,1.327,1.419,1.088,0.445,0.069,0.14,2019,"EastAsia",6.27547164922902,-0.389471649229021,46,92,42
"Jordan",5.303,0.99673,0.86216,0.60712,0.36023,0.14262,0.13297,2016,"MiddleEast",5.55885739610077,-0.255857396100772,NA,NA,43
"Jordan",5.192,0.90198,1.05392,0.69639,0.40661,0.11053,0.14293,2015,"MiddleEast",5.3532704506201,-0.1612704506201,NA,NA,43
"Jordan",5.33599996566772,0.991012394428253,1.23908889293671,0.604590058326721,0.418421149253845,0.172170460224152,0.11980327218771,2017,"MiddleEast",5.54645143235451,-0.210451466686786,NA,NA,43
"Jordan",4.906,0.837,1.225,0.815,0.383,0.11,0.13,2019,"MiddleEast",5.21227794700708,-0.306277947007076,NA,NA,43
"Jordan",5.161,0.822,1.265,0.645,0.468,0.13,0.134,2018,"MiddleEast",5.17973120102069,-0.0187312010206897,NA,NA,43
"Latvia",5.84999990463257,1.26074862480164,1.40471494197845,0.638566970825195,0.325707912445068,0.153074786067009,0.0738427266478539,2017,"Other",6.13172053724037,-0.281720632607799,70,63,13
"Latvia",5.56,1.21788,0.95025,0.63952,0.27996,0.17445,0.0889,2016,"Other",6.03870492109339,-0.478704921093392,70,63,13
"Latvia",5.933,1.148,1.454,0.671,0.363,0.092,0.066,2018,"Other",5.88708048045815,0.0459195195418527,70,63,13
"Latvia",5.94,1.187,1.465,0.812,0.264,0.075,0.064,2019,"Other",5.97170202002275,-0.0317020200227507,70,63,13
"Latvia",5.098,1.11312,1.09562,0.72437,0.29671,0.18226,0.06332,2015,"Other",5.81139844712447,-0.713398447124471,70,63,13
"Lithuania",5.952,1.197,1.527,0.716,0.35,0.026,0.006,2018,"Other",5.99339985068034,-0.0413998506803424,60,65,16
"Lithuania",5.90199995040894,1.31458234786987,1.47351610660553,0.62894994020462,0.234231784939766,0.010164656676352,0.0118656428530812,2017,"Other",6.24852803792058,-0.346528087511638,60,65,16
"Lithuania",5.833,1.14723,1.25745,0.73128,0.21342,0.02641,0.01031,2015,"Other",5.88540974749751,-0.0524097474975127,60,65,16
"Lithuania",6.149,1.238,1.515,0.818,0.291,0.043,0.042,2019,"Other",6.08236095637646,0.0666390436235362,60,65,16
"Lithuania",5.813,1.2692,1.06411,0.64674,0.18929,0.02025,0.0182,2016,"Other",6.15005818802815,-0.337058188028148,60,65,16
"Luxembourg",7.09,1.609,1.479,1.012,0.526,0.194,0.316,2019,"WesternEurope",6.88735047377308,0.20264952622692,60,70,56
"Luxembourg",6.871,1.69752,1.03999,0.84542,0.5487,0.27571,0.35329,2016,"WesternEurope",7.07941967075407,-0.208419670754072,60,70,56
"Luxembourg",6.91,1.576,1.52,0.896,0.632,0.196,0.321,2018,"WesternEurope",6.81574763260303,0.0942523673969697,60,70,56
"Luxembourg",6.946,1.56391,1.21963,0.91894,0.61583,0.28034,0.37798,2015,"WesternEurope",6.789514955338,0.156485044661997,60,70,56
"Luxembourg",6.86299991607666,1.74194359779358,1.45758366584778,0.845089495182037,0.59662789106369,0.283180981874466,0.31883442401886,2017,"WesternEurope",7.17580924096667,-0.312809324890014,60,70,56
"Malaysia",5.339,1.221,1.171,0.828,0.508,0.26,0.024,2019,"Other",6.04547464425856,-0.706474644258559,26,36,57
"Malaysia",6.08400011062622,1.29121541976929,1.28464603424072,0.618784427642822,0.402264982461929,0.416608929634094,0.0656007081270218,2017,"Other",6.19782687302913,-0.11382676240291,26,36,57
"Malaysia",6.005,1.25142,0.88025,0.62366,0.39031,0.41474,0.09081,2016,"Other",6.11147944511895,-0.106479445118951,26,36,57
"Malaysia",6.322,1.161,1.258,0.669,0.356,0.311,0.059,2018,"Other",5.91528766031302,0.406712339686985,26,36,57
"Malaysia",5.77,1.12486,1.07023,0.72394,0.53024,0.33075,0.10501,2015,"Other",5.83687170031648,-0.0668717003164829,26,36,57
"Mali",4.447,0.37,1.233,0.152,0.367,0.139,0.056,2018,"Other",4.19898925529759,0.248010744702411,NA,NA,43
"Mali",3.995,0.26074,1.03526,0.20583,0.38857,0.18798,0.12352,2015,"Other",3.96191875753275,0.0330812424672473,NA,NA,43
"Mali",4.19000005722046,0.476180493831635,1.28147339820862,0.169365674257278,0.306613743305206,0.183354198932648,0.104970246553421,2017,"Other",4.42937789272741,-0.239377835506946,NA,NA,43
"Mali",4.073,0.31292,0.86333,0.16347,0.27544,0.21064,0.13647,2016,"Other",4.07513803790406,-0.00213803790406075,NA,NA,43
"Mali",4.39,0.385,1.105,0.308,0.327,0.153,0.052,2019,"Other",4.23153600128397,0.158463998716025,NA,NA,43
"Malta",6.52699995040894,1.34327983856201,1.48841166496277,0.821944236755371,0.588767051696777,0.574730575084686,0.153066068887711,2017,"Other",6.31079536725416,0.216204583154778,59,96,66
"Malta",6.302,1.2074,1.30203,0.88721,0.60365,0.51752,0.13586,2015,"Other",6.01596559456424,0.286034405435763,59,96,66
"Malta",6.488,1.30782,1.09879,0.80315,0.54994,0.56237,0.17554,2016,"Other",6.23385521002776,0.254144789972238,59,96,66
"Malta",6.726,1.3,1.52,0.999,0.564,0.375,0.151,2019,"Other",6.21688750645353,0.509112493546474,59,96,66
"Malta",6.627,1.27,1.525,0.884,0.645,0.376,0.142,2018,"Other",6.15179401448075,0.475205985519246,59,96,66
"Mexico",6.778,1.11508,0.7146,0.71143,0.37709,0.11735,0.18355,2016,"LatinAmerica",5.81565122193336,0.962348778066641,30,82,97
"Mexico",6.57800006866455,1.15318381786346,1.210862159729,0.709978997707367,0.412730008363724,0.120990432798862,0.132774114608765,2017,"LatinAmerica",5.89832824067426,0.679671827990288,30,82,97
"Mexico",7.187,1.02054,0.91451,0.81444,0.48181,0.14074,0.21312,2015,"LatinAmerica",5.6105199308965,1.5764800691035,30,82,97
"Mexico",6.595,1.07,1.323,0.861,0.433,0.074,0.073,2019,"LatinAmerica",5.71783740132894,0.87716259867106,30,82,97
"Mexico",6.488,1.038,1.252,0.761,0.479,0.069,0.095,2018,"LatinAmerica",5.64840434322465,0.839595656775351,30,82,97
"Moldova",5.64,0.657,1.301,0.62,0.232,0.171,0,2018,"Other",4.82171699517044,0.818283004829556,NA,NA,19
"Moldova",5.83799982070923,0.728870630264282,1.25182557106018,0.589465200901031,0.240729048848152,0.208779126405716,0.0100912861526012,2017,"Other",4.97766067164331,0.860339149065917,NA,NA,19
"Moldova",5.889,0.59448,1.01528,0.61826,0.32818,0.20951,0.01615,2015,"Other",4.68606215789919,1.20293784210081,NA,NA,19
"Moldova",5.897,0.69177,0.83132,0.52309,0.25202,0.19997,0.01903,2016,"Other",4.89716035236689,0.999839647633115,NA,NA,19
"Moldova",5.529,0.685,1.328,0.739,0.245,0.181,0,2019,"Other",4.8824709210117,0.646529078988303,NA,NA,19
"Montenegro",5.23699998855591,1.12112903594971,1.23837649822235,0.667464673519135,0.194989055395126,0.197911024093628,0.0881741940975189,2017,"Other",5.82877631770121,-0.591776329145297,NA,NA,20
"Montenegro",5.347,1.017,1.279,0.729,0.259,0.111,0.081,2018,"Other",5.60283889884371,-0.255838898843709,NA,NA,20
"Montenegro",5.523,1.051,1.361,0.871,0.197,0.142,0.08,2019,"Other",5.67661152307952,-0.153611523079517,NA,NA,20
"Montenegro",5.192,0.97438,0.90557,0.72521,0.1826,0.1614,0.14296,2015,"Other",5.51036274458106,-0.318362744581057,NA,NA,20
"Montenegro",5.161,1.07838,0.74173,0.63533,0.15111,0.17191,0.12721,2016,"Other",5.73602018342,-0.575020183420001,NA,NA,20
"Morocco",5.254,0.779,0.797,0.669,0.46,0.026,0.074,2018,"Other",5.08643052919305,0.16756947080695,46,68,25
"Morocco",5.2350001335144,0.878114581108093,0.774864435195923,0.59771066904068,0.408158332109451,0.0322099551558495,0.0877631828188896,2017,"Other",5.30148766885119,-0.066487535336794,46,68,25
"Morocco",5.208,0.801,0.782,0.782,0.418,0.036,0.076,2019,"Other",5.13416575663975,0.0738342433602508,46,68,25
"Morocco",5.151,0.84058,0.38595,0.59471,0.25646,0.04053,0.08404,2016,"Other",5.22004577038249,-0.0690457703824938,46,68,25
"Morocco",5.013,0.73479,0.64095,0.60954,0.41691,0.07172,0.08546,2015,"Other",4.99050441985584,0.0224955801441586,46,68,25
"Netherlands",7.378,1.32944,1.28017,0.89284,0.61576,0.4761,0.31814,2015,"WesternEurope",6.28076591990947,1.09723408009053,80,53,68
"Netherlands",7.3769998550415,1.50394463539124,1.42893922328949,0.810696125030518,0.585384488105774,0.470489829778671,0.282661825418472,2017,"WesternEurope",6.65940312267785,0.717596732363653,80,53,68
"Netherlands",7.339,1.46468,1.02912,0.81231,0.55211,0.47416,0.29927,2016,"WesternEurope",6.57420738172273,0.76479261827727,80,53,68
"Netherlands",7.488,1.396,1.522,0.999,0.557,0.322,0.298,2019,"WesternEurope",6.4251866807664,1.0628133192336,80,53,68
"Netherlands",7.441,1.361,1.488,0.878,0.638,0.333,0.295,2018,"WesternEurope",6.34924427346483,1.09175572653517,80,53,68
"New Zealand",7.334,1.36066,1.17278,0.83096,0.58147,0.49401,0.41904,2016,"Other",6.34850654722247,0.985493452777528,79,49,75
"New Zealand",7.324,1.268,1.601,0.876,0.669,0.365,0.389,2018,"Other",6.14745444834924,1.17654555165076,79,49,75
"New Zealand",7.307,1.303,1.557,1.026,0.585,0.33,0.38,2019,"Other",6.2233968556508,1.0836031443492,79,49,75
"New Zealand",7.286,1.25018,1.31967,0.90837,0.63938,0.47501,0.42922,2015,"Other",6.10878891411741,1.17721108588259,79,49,75
"New Zealand",7.31400012969971,1.40570604801178,1.54819512367249,0.816759705543518,0.614062130451202,0.500005125999451,0.382816702127457,2017,"Other",6.4462466993778,0.867753430321907,79,49,75
"Nigeria",5.268,0.65435,0.90432,0.16007,0.34334,0.27233,0.0403,2015,"SubSaharanAfrica",4.81596707004618,0.452032929953819,NA,NA,84
"Nigeria",5.155,0.689,1.172,0.048,0.462,0.201,0.032,2018,"SubSaharanAfrica",4.89115005327473,0.263849946725268,NA,NA,84
"Nigeria",4.875,0.75216,0.64498,0.05108,0.27854,0.23219,0.0305,2016,"SubSaharanAfrica",5.02819355170808,-0.153193551708076,NA,NA,84
"Nigeria",5.07399988174438,0.783756256103516,1.21577048301697,0.0569157302379608,0.394952565431595,0.230947196483612,0.0261215660721064,2017,"SubSaharanAfrica",5.09675057314287,-0.0227506913984916,NA,NA,84
"Nigeria",5.265,0.696,1.111,0.245,0.426,0.215,0.041,2019,"SubSaharanAfrica",4.90633853473505,0.358661465264953,NA,NA,84
"Norway",7.522,1.459,1.33095,0.88521,0.66973,0.34699,0.36503,2015,"Nordic",6.56188301390922,0.960116986090782,69,50,55
"Norway",7.498,1.57744,1.1269,0.79579,0.59609,0.37895,0.35776,2016,"Nordic",6.81887212021772,0.679127879782277,69,50,55
"Norway",7.554,1.488,1.582,1.028,0.603,0.271,0.341,2019,"Nordic",6.62480672281623,0.929193277183768,69,50,55
"Norway",7.53700017929077,1.61646318435669,1.53352355957031,0.796666502952576,0.635422587394714,0.36201223731041,0.315963834524155,2017,"Nordic",6.90354396480686,0.633456214483906,69,50,55
"Norway",7.594,1.456,1.582,0.861,0.686,0.286,0.34,2018,"Nordic",6.55537366471194,1.03862633528806,69,50,55
"Pakistan",5.26900005340576,0.72688353061676,0.672690689563751,0.402047783136368,0.23521526157856,0.315446019172668,0.124348066747189,2017,"Other",4.97334909647814,0.295650956927616,14,70,0
"Pakistan",5.653,0.677,0.886,0.535,0.313,0.22,0.098,2019,"Other",4.86511265648562,0.787887343514376,14,70,0
"Pakistan",5.472,0.652,0.81,0.424,0.334,0.216,0.113,2018,"Other",4.81086807984165,0.661131920158353,14,70,0
"Pakistan",5.132,0.68816,0.26135,0.40306,0.14622,0.31185,0.1388,2016,"Other",4.8893274354995,0.242672564500504,14,70,0
"Pakistan",5.194,0.59543,0.41411,0.51466,0.12102,0.33671,0.10464,2015,"Other",4.68812345181166,0.505876548188343,14,70,0
"Panama",6.786,1.06353,1.1985,0.79661,0.5421,0.24434,0.0927,2015,"LatinAmerica",5.70379890489348,1.08220109510652,11,86,NA
"Panama",6.701,1.18306,0.98912,0.70835,0.48927,0.2418,0.08423,2016,"LatinAmerica",5.96315307474366,0.737846925256339,11,86,NA
"Panama",6.43,1.112,1.438,0.759,0.597,0.125,0.063,2018,"LatinAmerica",5.80896829009082,0.621031709909179,11,86,NA
"Panama",6.321,1.149,1.442,0.91,0.516,0.109,0.054,2019,"LatinAmerica",5.88925026352391,0.431749736476093,11,86,NA
"Panama",6.4520001411438,1.23374843597412,1.37319254875183,0.706156134605408,0.550026834011078,0.21055693924427,0.070983923971653,2017,"LatinAmerica",6.07313598475012,0.378864156393681,11,86,NA
"Peru",5.663,0.934,1.249,0.674,0.53,0.092,0.034,2018,"LatinAmerica",5.42274690438571,0.240253095614294,16,87,46
"Peru",5.743,0.99602,0.81255,0.62994,0.37502,0.14527,0.05292,2016,"LatinAmerica",5.55731685012408,0.185683149875917,16,87,46
"Peru",5.71500015258789,1.03522527217865,1.21877038478851,0.630166113376617,0.450002878904343,0.126819714903831,0.0470490865409374,2017,"LatinAmerica",5.64238378578579,0.0726163668020963,16,87,46
"Peru",5.697,0.96,1.274,0.854,0.455,0.083,0.027,2019,"LatinAmerica",5.47916126409544,0.217838735904558,16,87,46
"Peru",5.824,0.90019,0.97459,0.73017,0.41496,0.14982,0.05989,2015,"LatinAmerica",5.34938653893239,0.474613461067608,16,87,46
"Philippines",5.279,0.81217,0.87877,0.47036,0.54854,0.21674,0.11757,2016,"Other",5.15840223348428,0.120597766515722,32,44,42
"Philippines",5.524,0.775,1.312,0.513,0.643,0.12,0.105,2018,"Other",5.07775139693001,0.446248603069987,32,44,42
"Philippines",5.42999982833862,0.85769921541214,1.25391757488251,0.468009054660797,0.585214674472809,0.193513423204422,0.0993318930268288,2017,"Other",5.25719075408284,0.172809074255784,32,44,42
"Philippines",5.073,0.70532,1.03516,0.58114,0.62545,0.24991,0.12279,2015,"Other",4.92656091290792,0.146439087092079,32,44,42
"Philippines",5.631,0.807,1.293,0.657,0.558,0.117,0.107,2019,"Other",5.1471844550343,0.483815544965696,32,44,42
"Poland",6.123,1.176,1.448,0.781,0.546,0.108,0.064,2018,"Other",5.9478344062994,0.175165593700599,60,93,29
"Poland",6.182,1.206,1.438,0.884,0.483,0.117,0.05,2019,"Other",6.01292789827217,0.169072101727827,60,93,29
"Poland",5.791,1.12555,1.27948,0.77903,0.53122,0.16759,0.04212,2015,"Other",5.83836885063186,-0.0473688506318561,60,93,29
"Poland",5.97300004959106,1.29178786277771,1.44571197032928,0.699475347995758,0.520342111587524,0.158465966582298,0.0593078061938286,2017,"Other",6.19906895017491,-0.226068900583852,60,93,29
"Poland",5.835,1.24585,1.04685,0.69058,0.4519,0.14443,0.055,2016,"Other",6.09939375344267,-0.264393753442672,60,93,29
"Portugal",5.693,1.221,1.431,0.999,0.508,0.047,0.025,2019,"WesternEurope",6.04547464425856,-0.35247464425856,27,104,33
"Portugal",5.123,1.27607,0.94367,0.79363,0.44727,0.11691,0.01521,2016,"WesternEurope",6.16496459768991,-1.04196459768991,27,104,33
"Portugal",5.41,1.188,1.429,0.884,0.562,0.055,0.017,2018,"WesternEurope",5.97387180308851,-0.56387180308851,27,104,33
"Portugal",5.102,1.15991,1.13935,0.87519,0.51469,0.13719,0.01078,2015,"WesternEurope",5.91292259677134,-0.810922596771338,27,104,33
"Portugal",5.19500017166138,1.3151752948761,1.36704301834106,0.795843541622162,0.498465299606323,0.0951027125120163,0.0158694516867399,2017,"WesternEurope",6.24981460429359,-1.05481443263221,27,104,33
"Puerto Rico",7.039,1.35943,1.08113,0.77758,0.46823,0.22202,0.12275,2016,"Other",6.34583771405159,0.693162285948412,NA,NA,90
"Romania",5.124,1.04345,0.88588,0.7689,0.35068,0.13748,0.00649,2015,"Other",5.66022966093304,-0.536229660933037,30,90,20
"Romania",5.945,1.116,1.219,0.726,0.528,0.088,0.001,2018,"Other",5.81764742235386,0.127352577646143,30,90,20
"Romania",5.528,1.1697,0.72803,0.67602,0.36712,0.12889,0.00679,2016,"Other",5.93416477298512,-0.40616477298512,30,90,20
"Romania",5.82499980926514,1.21768391132355,1.15009129047394,0.685158312320709,0.457003742456436,0.133519917726517,0.00438790069893003,2017,"Other",6.03827945120384,-0.213279641938703,30,90,20
"Romania",6.07,1.162,1.232,0.825,0.462,0.083,0.005,2019,"Other",5.91745744337877,0.152542556621226,30,90,20
"Russia",5.716,1.13764,1.23617,0.66926,0.36679,0.00199,0.03005,2015,"Other",5.86460152789688,-0.148601527896883,39,95,20
"Russia",5.648,1.183,1.452,0.726,0.334,0.082,0.031,2019,"Other",5.96302288775972,-0.315022887759715,39,95,20
"Russia",5.856,1.23228,1.05261,0.58991,0.32682,0.02736,0.03586,2016,"Other",6.06994979724032,-0.213949797240322,39,95,20
"Russia",5.81,1.151,1.479,0.599,0.399,0.065,0.025,2018,"Other",5.89358982965542,-0.0835898296554252,39,95,20
"Russia",5.96299982070923,1.28177809715271,1.46928238868713,0.547349333763123,0.373783111572266,0.0522638224065304,0.0329628810286522,2017,"Other",6.17734993022957,-0.214350109520339,39,95,20
"Rwanda",3.47099995613098,0.368745893239975,0.945707023143768,0.326424807310104,0.581843852996826,0.252756029367447,0.455220013856888,2017,"SubSaharanAfrica",4.19626811568703,-0.725268159556053,NA,NA,37
"Rwanda",3.408,0.332,0.896,0.4,0.636,0.2,0.444,2018,"SubSaharanAfrica",4.11653749879874,-0.708537498798745,NA,NA,37
"Rwanda",3.515,0.32846,0.61586,0.31865,0.5432,0.23552,0.50521,2016,"SubSaharanAfrica",4.10885646674596,-0.593856466745957,NA,NA,37
"Rwanda",3.465,0.22208,0.7737,0.42864,0.59201,0.22628,0.55191,2015,"SubSaharanAfrica",3.87803494421051,-0.413034944210507,NA,NA,37
"Rwanda",3.334,0.359,0.711,0.614,0.555,0.217,0.411,2019,"SubSaharanAfrica",4.17512164157424,-0.841121641574239,NA,NA,37
"Saudi Arabia",6.411,1.39541,1.08393,0.72025,0.31048,0.13706,0.32524,2015,"MiddleEast",6.4239065087576,-0.0129065087575997,NA,NA,52
"Saudi Arabia",6.375,1.403,1.357,0.795,0.439,0.08,0.132,2019,"MiddleEast",6.44037516222671,-0.0653751622267107,NA,NA,52
"Saudi Arabia",6.379,1.48953,0.84829,0.59267,0.37904,0.15457,0.30008,2016,"MiddleEast",6.62812649090684,-0.249126490906844,NA,NA,52
"Saudi Arabia",6.371,1.379,1.331,0.633,0.509,0.098,0.127,2018,"MiddleEast",6.38830036864849,-0.0173003686484927,NA,NA,52
"Saudi Arabia",6.3439998626709,1.53062355518341,1.28667759895325,0.590148329734802,0.449750572443008,0.147616013884544,0.27343225479126,2017,"MiddleEast",6.71729059105564,-0.373290728384742,NA,NA,52
"Serbia",5.398,0.975,1.369,0.685,0.288,0.134,0.043,2018,"Other",5.51170801008183,-0.113708010081828,25,92,28
"Serbia",5.123,0.92053,1.00964,0.74836,0.20107,0.19231,0.02617,2015,"Other",5.39351992648993,-0.270519926489931,25,92,28
"Serbia",5.177,1.03437,0.81329,0.6458,0.15718,0.20737,0.04339,2016,"Other",5.64052803069594,-0.463528030695945,25,92,28
"Serbia",5.603,1.004,1.383,0.854,0.282,0.137,0.039,2019,"Other",5.57463171898884,0.0283682810111587,25,92,28
"Serbia",5.39499998092651,1.06931757926941,1.25818979740143,0.65078467130661,0.208715528249741,0.220125883817673,0.0409037806093693,2017,"Other",5.71635669638398,-0.321356715457473,25,92,28
"Singapore",6.343,1.529,1.451,1.008,0.631,0.261,0.457,2018,"EastAsia",6.71376782851235,-0.370767828512354,20,8,46
"Singapore",6.57200002670288,1.69227766990662,1.35381436347961,0.949492394924164,0.549840569496155,0.345965981483459,0.46430778503418,2017,"EastAsia",7.06804495169234,-0.496044924989458,20,8,46
"Singapore",6.739,1.64555,0.86758,0.94719,0.4877,0.32706,0.46987,2016,"EastAsia",6.96665604482657,-0.227656044826574,20,8,46
"Singapore",6.262,1.572,1.463,1.141,0.556,0.271,0.453,2019,"EastAsia",6.80706850034,-0.545068500339995,20,8,46
"Singapore",6.798,1.52186,1.02,1.02525,0.54252,0.31105,0.4921,2015,"EastAsia",6.69827557742283,0.0997244225771663,20,8,46
"Slovenia",5.848,1.18498,1.27385,0.87337,0.60855,0.25328,0.03787,2015,"Other",5.96731905822992,-0.119319058229918,27,88,48
"Slovenia",5.768,1.29947,1.05613,0.79151,0.53164,0.25738,0.03635,2016,"Other",6.21573752142867,-0.447737521428674,27,88,48
"Slovenia",6.118,1.258,1.523,0.953,0.564,0.144,0.057,2019,"Other",6.12575661769165,-0.00775661769164504,27,88,48
"Slovenia",5.948,1.219,1.506,0.856,0.633,0.16,0.051,2018,"Other",6.04113507812704,-0.093135078127041,27,88,48
"Slovenia",5.75799989700317,1.3412059545517,1.45251882076263,0.790828227996826,0.572575807571411,0.242649093270302,0.0451289787888527,2017,"Other",6.30629548884824,-0.548295591845073,27,88,48
"South Africa",4.8289999961853,1.05469870567322,1.38478863239288,0.187080070376396,0.479246735572815,0.139362379908562,0.0725094974040985,2017,"SubSaharanAfrica",5.6846369120145,-0.855636915829197,NA,NA,63
"South Africa",4.722,0.96,1.351,0.469,0.389,0.13,0.055,2019,"SubSaharanAfrica",5.47916126409544,-0.757161264095441,NA,NA,63
"South Africa",4.642,0.92049,1.18468,0.27688,0.33207,0.11973,0.08884,2015,"SubSaharanAfrica",5.3934331351673,-0.751433135167301,NA,NA,63
"South Africa",4.459,1.02416,0.96053,0.18611,0.42483,0.13656,0.08415,2016,"SubSaharanAfrica",5.61837454559454,-1.15937454559454,NA,NA,63
"South Africa",4.724,0.94,1.41,0.33,0.516,0.103,0.056,2018,"SubSaharanAfrica",5.43576560278026,-0.71176560278026,NA,NA,63
"Spain",6.40299987792969,1.38439786434174,1.53209090232849,0.888960599899292,0.408781230449677,0.190133571624756,0.0709140971302986,2017,"WesternEurope",6.40001256328847,0.00298731464122515,51,86,44
"Spain",6.354,1.286,1.484,1.062,0.362,0.153,0.079,2019,"WesternEurope",6.1865105435329,0.1674894564671,51,86,44
"Spain",6.329,1.23011,1.31379,0.95562,0.45951,0.18227,0.06398,2015,"WesternEurope",6.06524136798762,0.263758632012375,51,86,44
"Spain",6.31,1.251,1.538,0.965,0.449,0.142,0.074,2018,"WesternEurope",6.11056813623133,0.199431863768668,51,86,44
"Spain",6.361,1.34253,1.12945,0.87896,0.37545,0.17665,0.06137,2016,"WesternEurope",6.30916838024026,0.0518316197597404,51,86,44
"Suriname",6.269,1.09686,0.77866,0.50933,0.52234,0.16665,0.12692,2016,"Other",5.77611777447523,0.492882225524772,47,92,NA
"Suriname",6.269,0.99534,0.972,0.6082,0.59657,0.16991,0.13633,2015,"Other",5.55584139763937,0.713158602360632,47,92,NA
"Sweden",7.364,1.33171,1.28907,0.91087,0.6598,0.36262,0.43844,2015,"Nordic",6.28569132746875,1.07830867253125,71,29,78
"Sweden",7.343,1.387,1.487,1.009,0.574,0.267,0.373,2019,"Nordic",6.40565863317457,0.937341366825434,71,29,78
"Sweden",7.291,1.45181,1.08764,0.83121,0.58218,0.38254,0.40867,2016,"Nordic",6.54628227366641,0.744717726333589,71,29,78
"Sweden",7.314,1.355,1.501,0.913,0.659,0.285,0.383,2018,"Nordic",6.33622557507028,0.977774424929724,71,29,78
"Sweden",7.28399991989136,1.49438726902008,1.47816216945648,0.830875158309937,0.612924098968506,0.385399252176285,0.384398728609085,2017,"Nordic",6.63866571097245,0.645334208918912,71,29,78
"Switzerland",7.49399995803833,1.56497955322266,1.51691174507141,0.858131289482117,0.620070576667786,0.290549278259277,0.367007285356522,2017,"WesternEurope",6.79183565380846,0.702164304229871,68,58,66
"Switzerland",7.487,1.42,1.549,0.927,0.66,0.256,0.357,2018,"WesternEurope",6.47726147434461,1.00973852565539,68,58,66
"Switzerland",7.587,1.39651,1.34951,0.94143,0.66557,0.29678,0.41978,2015,"WesternEurope",6.42629327012993,1.16070672987007,68,58,66
"Switzerland",7.48,1.452,1.526,1.052,0.572,0.263,0.343,2019,"WesternEurope",6.5466945324489,0.933305467551095,68,58,66
"Switzerland",7.509,1.52733,1.14524,0.86303,0.58557,0.28083,0.41203,2016,"WesternEurope",6.71014429079254,0.798855709207464,68,58,66
"Taiwan",6.446,1.368,1.43,0.914,0.351,0.242,0.097,2019,"EastAsia",6.36443275492514,0.0815672450748561,17,69,49
"Taiwan",6.379,1.39729,0.92624,0.79565,0.32377,0.25495,0.0663,2016,"EastAsia",6.42798570092123,-0.0489857009212269,17,69,49
"Taiwan",6.441,1.365,1.436,0.857,0.418,0.151,0.078,2018,"EastAsia",6.35792340572787,0.0830765942721339,17,69,49
"Taiwan",6.298,1.29098,1.07617,0.8753,0.3974,0.25376,0.08129,2015,"EastAsia",6.19731606320038,0.10068393679962,17,69,49
"Tanzania",3.231,0.476,0.885,0.499,0.417,0.276,0.147,2019,"SubSaharanAfrica",4.42898626026805,-1.19798626026805,NA,NA,38
"Tanzania",3.666,0.47155,0.77623,0.357,0.3176,0.31472,0.05099,2016,"SubSaharanAfrica",4.41933072562542,-0.753330725625423,NA,NA,38
"Tanzania",3.303,0.455,0.991,0.381,0.481,0.27,0.097,2018,"SubSaharanAfrica",4.38342081588711,-1.08042081588711,NA,NA,38
"Tanzania",3.781,0.2852,1.00268,0.38215,0.32878,0.34377,0.05747,2015,"SubSaharanAfrica",4.01499165132122,-0.23399165132122,NA,NA,38
"Tanzania",3.34899997711182,0.511135876178741,1.04198980331421,0.364509284496307,0.390017777681351,0.354256361722946,0.0660351067781448,2017,"SubSaharanAfrica",4.50522348940129,-1.15622351228947,NA,NA,38
"Thailand",6.42399978637695,1.12786877155304,1.42579245567322,0.647239029407501,0.580200731754303,0.572123110294342,0.0316127352416515,2017,"Other",5.84340008188101,0.580599704495944,20,64,45
"Thailand",6.072,1.016,1.417,0.707,0.637,0.364,0.029,2018,"Other",5.60066911577795,0.47133088422205,20,64,45
"Thailand",6.008,1.05,1.409,0.828,0.557,0.359,0.028,2019,"Other",5.67444174001376,0.333558259986241,20,64,45
"Thailand",6.474,1.0893,1.04477,0.64915,0.49553,0.58696,0.02833,2016,"Other",5.75971421449809,0.714285785501911,20,64,45
"Thailand",6.455,0.9669,1.26504,0.7385,0.55664,0.5763,0.03187,2015,"Other",5.49413276724918,0.960867232750821,20,64,45
"Trinidad and Tobago",6.168,1.21183,1.18354,0.61483,0.55884,0.31844,0.0114,2015,"Other",6.02557773354555,0.142422266454451,16,55,80
"Trinidad and Tobago",6.168,1.32572,0.98569,0.52608,0.48453,0.31935,0.01241,2016,"Other",6.27269432690485,-0.104694326904849,16,55,80
"Trinidad and Tobago",6.16800022125244,1.36135590076447,1.3802285194397,0.519983291625977,0.518630743026733,0.325296461582184,0.00896481610834599,2017,"Other",6.35001650091667,-0.182016279664228,16,55,80
"Turkey",5.332,1.06098,0.94632,0.73172,0.22815,0.12253,0.15746,2015,"Other",5.69826595807579,-0.366265958075793,37,85,49
"Turkey",5.389,1.16492,0.87717,0.64718,0.23889,0.04707,0.12348,2016,"Other",5.92379320993079,-0.534793209930791,37,85,49
"Turkey",5.373,1.183,1.36,0.808,0.195,0.083,0.106,2019,"Other",5.96302288775972,-0.590022887759715,37,85,49
"Turkey",5.483,1.148,1.38,0.686,0.324,0.106,0.109,2018,"Other",5.88708048045815,-0.404080480458147,37,85,49
"Turkey",5.5,1.19827437400818,1.33775317668915,0.637605607509613,0.300740599632263,0.0466930419206619,0.0996715798974037,2017,"Other",5.99616496582273,-0.496164965822734,37,85,49
"Uganda",3.931,0.21102,1.13299,0.33861,0.45727,0.29066,0.07267,2015,"SubSaharanAfrica",3.85403714350321,0.0769628564967881,NA,NA,52
"Uganda",4.161,0.322,1.09,0.237,0.45,0.259,0.061,2018,"SubSaharanAfrica",4.09483966814115,0.0661603318588462,NA,NA,52
"Uganda",4.189,0.332,1.069,0.443,0.356,0.252,0.06,2019,"SubSaharanAfrica",4.11653749879874,0.0724625012012554,NA,NA,52
"Uganda",3.739,0.34719,0.90981,0.19625,0.43653,0.27102,0.06442,2016,"SubSaharanAfrica",4.14949650356763,-0.410496503567625,NA,NA,52
"Uganda",4.08099985122681,0.381430715322495,1.12982773780823,0.217632606625557,0.443185955286026,0.325766056776047,0.057069718837738,2017,"SubSaharanAfrica",4.22379142783385,-0.142791576607041,NA,NA,52
"Ukraine",4.103,0.793,1.413,0.609,0.163,0.187,0.011,2018,"Other",5.11680749211368,-1.01380749211368,NA,NA,14
"Ukraine",4.324,0.87287,1.01413,0.58628,0.12859,0.20363,0.01829,2016,"Other",5.29010806557585,-0.966108065575854,NA,NA,14
"Ukraine",4.332,0.82,1.39,0.739,0.178,0.187,0.01,2019,"Other",5.17539163488917,-0.843391634889172,NA,NA,14
"Ukraine",4.09600019454956,0.89465194940567,1.39453756809235,0.575903952121735,0.122974775731564,0.270061463117599,0.0230294708162546,2017,"Other",5.3373701705355,-1.24136997598594,NA,NA,14
"Ukraine",4.681,0.79907,1.20278,0.6739,0.25123,0.15275,0.02961,2015,"Other",5.12997807532283,-0.448978075322835,NA,NA,14
"Uruguay",6.545,1.18157,1.03143,0.72183,0.54388,0.18056,0.21394,2016,"LatinAmerica",5.95992009797568,0.58507990202432,36,100,53
"Uruguay",6.485,1.06166,1.2089,0.8116,0.60362,0.2324,0.24558,2015,"LatinAmerica",5.69974141056051,0.785258589439491,36,100,53
"Uruguay",6.4539999961853,1.21755969524384,1.41222786903381,0.719216823577881,0.57939225435257,0.175096929073334,0.178061872720718,2017,"LatinAmerica",6.03800992925759,0.415990066927707,36,100,53
"Uruguay",6.293,1.124,1.465,0.891,0.523,0.127,0.15,2019,"LatinAmerica",5.83500568687993,0.457994313120071,36,100,53
"Uruguay",6.379,1.093,1.459,0.771,0.625,0.13,0.155,2018,"LatinAmerica",5.7677424118414,0.611257588158601,36,100,53
"Venezuela",4.806,0.996,1.469,0.657,0.133,0.056,0.052,2018,"LatinAmerica",5.55727345446277,-0.751273454462768,12,76,100
"Venezuela",4.707,0.96,1.427,0.805,0.154,0.064,0.047,2019,"LatinAmerica",5.47916126409544,-0.772161264095442,12,76,100
"Venezuela",5.25,1.12843120098114,1.43133759498596,0.617144227027893,0.153997123241425,0.0650196298956871,0.0644911229610443,2017,"LatinAmerica",5.84462043172978,-0.594620431729782,12,76,100
"Venezuela",6.81,1.04424,1.25596,0.72052,0.42908,0.05841,0.11069,2015,"LatinAmerica",5.66194378955499,1.14805621044501,12,76,100
"Venezuela",6.084,1.13367,1.03302,0.61904,0.19847,0.0425,0.08304,2016,"LatinAmerica",5.85598748912582,0.22801251087418,12,76,100
"Vietnam",5.175,0.741,1.346,0.851,0.543,0.147,0.073,2019,"Other",5.0039787726942,0.171021227305795,20,30,35
"Vietnam",5.36,0.63216,0.91226,0.74676,0.59444,0.1686,0.10441,2015,"Other",4.76781958381699,0.592180416183012,20,30,35
"Vietnam",5.07399988174438,0.788547575473785,1.27749133110046,0.652168989181519,0.571055591106415,0.234968051314354,0.0876332372426987,2017,"Other",5.10714669677512,-0.0331468150307446,20,30,35
"Vietnam",5.061,0.74037,0.79117,0.66157,0.55954,0.25075,0.11556,2016,"Other",5.00261180936278,0.0583881906372232,20,30,35
"Vietnam",5.103,0.715,1.365,0.702,0.618,0.177,0.079,2018,"Other",4.94756441298447,0.155435587015531,20,30,35
"Zambia",4.107,0.578,1.058,0.426,0.431,0.247,0.087,2019,"SubSaharanAfrica",4.65030413297548,-0.543304132975476,NA,NA,42
"Zambia",4.377,0.562,1.047,0.295,0.503,0.221,0.082,2018,"SubSaharanAfrica",4.61558760392333,-0.238587603923332,NA,NA,42
"Zambia",4.51399993896484,0.636406779289246,1.00318729877472,0.257835894823074,0.461603492498398,0.249580144882202,0.0782135501503944,2017,"SubSaharanAfrica",4.77703417360281,-0.26303423463797,NA,NA,42
"Zambia",4.795,0.61202,0.6376,0.23573,0.42662,0.17866,0.11479,2016,"SubSaharanAfrica",4.7241201528726,0.0708798471273999,NA,NA,42
"Zambia",5.129,0.47038,0.91612,0.29924,0.48827,0.19591,0.12468,2015,"SubSaharanAfrica",4.41679207943849,0.712207920561514,NA,NA,42
"Zimbabwe",3.663,0.366,1.114,0.433,0.361,0.151,0.089,2019,"SubSaharanAfrica",4.19031012303455,-0.527310123034553,NA,NA,28
"Zimbabwe",3.875,0.375846534967422,1.08309590816498,0.196763753890991,0.336384207010269,0.189143493771553,0.0953753814101219,2017,"SubSaharanAfrica",4.21167496786327,-0.33667496786327,NA,NA,28
"Zimbabwe",3.692,0.357,1.094,0.248,0.406,0.132,0.099,2018,"SubSaharanAfrica",4.17078207544272,-0.478782075442721,NA,NA,28
"Zimbabwe",4.61,0.271,1.03276,0.33475,0.25861,0.18987,0.08079,2015,"SubSaharanAfrica",3.98418073178744,0.625819268212559,NA,NA,28
"Zimbabwe",4.193,0.35041,0.71478,0.1595,0.25429,0.18503,0.08582,2016,"SubSaharanAfrica",4.15648320503937,0.0365167949606304,NA,NA,28
